Designator,Footprint,Mid X (mm),Mid Y (mm),Ref X (mm),Ref Y (mm),Pad X (mm),Pad Y (mm),Layer,Rotation,Comment
U1,BGA-1700_45x37,125.00,120.00,125.00,120.00,125.00,120.00,TopLayer,0,CPU_INTEL_I9_14900HX
U2,BGA-2400_55x45,225.00,120.00,225.00,120.00,225.00,120.00,TopLayer,0,GPU_NVIDIA_ADA5090M
U3,BGA-2000_60x50,175.00,170.00,175.00,170.00,175.00,170.00,TopLayer,90,GPU_NANOWIRE_AI_QUANTUM
U4,BGA-800_20x20,175.00,70.00,175.00,70.00,175.00,70.00,TopLayer,0,NPU_INTEL_TOPS45
M1,DIMM-288_133x31,90.00,215.00,90.00,215.00,90.00,215.00,TopLayer,0,MEMORY_DDR5X_MICRON_SLOT0
M2,DIMM-288_133x31,140.00,215.00,140.00,215.00,140.00,215.00,TopLayer,0,MEMORY_DDR5X_MICRON_SLOT1
M3,DIMM-288_133x31,210.00,215.00,210.00,215.00,210.00,215.00,TopLayer,0,MEMORY_DDR5X_MICRON_SLOT2
M4,DIMM-288_133x31,260.00,215.00,260.00,215.00,260.00,215.00,TopLayer,0,MEMORY_DDR5X_MICRON_SLOT3
M5,STACKED-BGA_40x40,225.00,155.00,225.00,155.00,225.00,155.00,TopLayer,0,MEMORY_HBM3_STACK
SSD1,M2-2280_80x22,60.00,25.00,60.00,25.00,60.00,25.00,TopLayer,0,NVMe_GEN5_SSD_SLOT1
SSD2,M2-2280_80x22,150.00,25.00,150.00,25.00,150.00,25.00,TopLayer,0,NVMe_GEN5_SSD_SLOT2
SD1,MICROSD-IND_32x24,340.00,45.00,340.00,45.00,340.00,45.00,TopLayer,270,INDUSTRIAL_SD_CARD
SD2,SD-EXPRESS-8.0_32x24,345.00,45.00,345.00,45.00,345.00,45.00,TopLayer,270,SD_EXPRESS_SLOT
OPT1,SLIM-SATA-13P_128x13,10.00,90.00,10.00,90.00,10.00,90.00,TopLayer,90,BLU_RAY_BWD_DRIVE
DISP1,MICROLED-16UHD_355x220,180.00,125.00,180.00,125.00,180.00,125.00,TopLayer,0,DISPLAY_MICROLED
CAM1,MODULE-8K-LASER_10x7,180.00,245.00,180.00,245.00,180.00,245.00,TopLayer,0,CAMERA_8K_LASER_GUIDED
CAM2,BGA-CAM-CTRL_8x8,165.00,240.00,165.00,240.00,165.00,240.00,TopLayer,0,CAMERA_CONTROLLER
CAM3,DFN-IR-SYNC_5x5,195.00,245.00,195.00,245.00,195.00,245.00,TopLayer,0,CAMERA_INFRARED_SENSOR
MIC1,PDM-ARRAY_20x5,180.00,240.00,180.00,240.00,180.00,240.00,TopLayer,0,CAMERA_MICROPHONE_ARRAY
DAC1,QFN-64_9x9,35.00,35.00,35.00,35.00,35.00,35.00,BottomLayer,0,DAC_ESS_SABRE_ES9039PRO
AMP1,SIP-CUSTOM_THX,20.00,25.00,20.00,25.00,20.00,25.00,BottomLayer,0,AMP_THX_AAA888
DSP1,BGA-256_FPGA_14x14,50.00,45.00,50.00,45.00,50.00,45.00,BottomLayer,0,DSP_DIRAC_LIVE
OSC1,SMD-14x9,48.00,25.00,48.00,25.00,48.00,25.00,BottomLayer,0,OSCILLATOR_AUDIO_PRIMARY
OSC2,SMD-14x9,58.00,25.00,58.00,25.00,58.00,25.00,BottomLayer,0,OSCILLATOR_AUDIO_SECONDARY
SPK1,TUNED-CHAMBER_40x15,15.00,15.00,15.00,15.00,15.00,15.00,TopLayer,0,AUDIO_SPEAKER_STEREO_LEFT
SPK2,TUNED-CHAMBER_40x15,335.00,15.00,335.00,15.00,335.00,15.00,TopLayer,0,AUDIO_SPEAKER_STEREO_RIGHT
SUB1,BMR-TRANSDUCER_60x30,175.00,25.00,175.00,25.00,175.00,25.00,TopLayer,0,AUDIO_SUB_BASS_TRANSDUCER
J1,TH-SHIELD-GOLD_6x6,5.00,15.00,5.00,15.00,5.00,15.00,TopLayer,90,AUDIO_JACK_3.5MM
MOD1,M2-3052-KEYB,320.00,140.00,320.00,140.00,320.00,140.00,TopLayer,270,WWAN_MODULE_QUALCOMM_X90
SIM1,SIM-CAGE-3052,345.00,140.00,345.00,140.00,345.00,140.00,TopLayer,270,NANO_SIM_SLOT
ANT1,RF-CONN-DUAL_MOLEX,350.00,120.00,350.00,120.00,350.00,120.00,TopLayer,270,WWAN_ANTENNA_1
ANT2,RF-CONN-DUAL_MOLEX,350.00,160.00,350.00,160.00,350.00,160.00,TopLayer,270,WWAN_ANTENNA_2
WLAN1,M2-2230,320.00,85.00,320.00,85.00,320.00,85.00,TopLayer,270,WIFI7_BT_QUALCOMM_FASTCONNECT
NFC1,QFN-32_5x5,320.00,60.00,320.00,60.00,320.00,60.00,TopLayer,270,NFC_MODULE_HP
OPT_CAGE1,QSFP-DD-CAGE_72x18,345.00,195.00,345.00,195.00,345.00,195.00,TopLayer,270,QSFP_DD_PORT_MOLEX
ETH1,RJ45-SLIM-SHIELD_16x14,345.00,165.00,345.00,165.00,345.00,165.00,TopLayer,270,ETHERNET_PORT_CAT8[cite: 8]
TEL1,RJ11-SLIM_14x12,5.00,115.00,5.00,115.00,5.00,115.00,TopLayer,90,TELEPHONE_LINE_PORT[cite: 8]
FAX1,RJ11-SLIM_14x12,5.00,125.00,5.00,125.00,5.00,125.00,TopLayer,90,FAX_PORT[cite: 8]
USB2_1,USB-A-SINGLE_8x12,5.00,135.00,5.00,135.00,5.00,135.00,TopLayer,90,LEGACY_USB2_PORT[cite: 8]
USB32_1,USB-C-3.2_8x8,5.00,150.00,5.00,150.00,5.00,150.00,TopLayer,90,USB_3_2_PORT_1[cite: 8]
USB32_2,USB-C-3.2_8x8,25.00,210.00,25.00,210.00,25.00,210.00,TopLayer,0,USB_3_2_PORT_2[cite: 8]
USB4_1,USB-C-40G_12x8,15.00,170.00,15.00,170.00,15.00,170.00,TopLayer,90,USB_4_PORT_1[cite: 8]
USB4_2,USB-C-40G_12x8,15.00,190.00,15.00,190.00,15.00,190.00,TopLayer,90,USB_4_PORT_2[cite: 8]
TB5_1,QFN-128_14x14,25.00,180.00,25.00,180.00,25.00,180.00,TopLayer,0,THUNDERBOLT5_CONTROLLER
USB1,TYPE-C-EPR-240W,5.00,170.00,5.00,170.00,5.00,170.00,TopLayer,90,PORT_USB_PD_1
USB2,TYPE-C-EPR-240W,5.00,190.00,5.00,190.00,5.00,190.00,TopLayer,90,PORT_USB_PD_2
DC1,BARREL-4PIN-12V10A,5.00,220.00,5.00,220.00,5.00,220.00,TopLayer,90,DC_JACK
BAT1,SOLID-STATE-480WH,180.00,70.00,180.00,70.00,180.00,70.00,TopLayer,0,SOLID_STATE_BATTERY
RTC1,COIN-VL2330,80.00,75.00,80.00,75.00,80.00,75.00,TopLayer,0,CMOS_BATTERY
VRM1,QFN-48_7x7,120.00,150.00,120.00,150.00,120.00,150.00,TopLayer,0,VRM_TI_TPS
Q1,POWERSO-8_6x5,110.00,145.00,110.00,145.00,110.00,145.00,TopLayer,0,MOSFET_INFINEON_OPTIMOS
PMIC1,QFN-56_8x8,100.00,150.00,100.00,150.00,100.00,150.00,TopLayer,0,PMIC_NXP
DCDC1,VICOR-PI3749_25x25,20.00,210.00,20.00,210.00,20.00,210.00,TopLayer,0,DC_DC_CONVERTER
TPM1,QFN-32_5x5,110.00,90.00,110.00,90.00,110.00,90.00,TopLayer,0,TPM_INFINEON
PLUTON1,QFN-48_6x6,100.00,90.00,100.00,90.00,100.00,90.00,TopLayer,0,PLUTON_SEC_CHIP
OT1,QFN-64_9x9,90.00,90.00,90.00,90.00,90.00,90.00,TopLayer,0,OPEN_TITAN_ROOT_OF_TRUST
SE1,QFN-48_6x6,80.00,90.00,80.00,90.00,80.00,90.00,TopLayer,0,SECURE_ENCLAVE_COPROCESSOR
SPI1,SOCKET-W25Q512_10x10,120.00,75.00,120.00,75.00,120.00,75.00,TopLayer,0,EEPROM_FLASH_DEBUG_SOCKET
FP1,SAPPHIRE-FP_8x8,325.00,20.00,325.00,20.00,325.00,20.00,TopLayer,0,FINGERPRINT_SENSOR
SW_PWR,PB-DP-LOCK_8x8,340.00,235.00,340.00,235.00,340.00,235.00,TopLayer,0,POWER_BUTTON_DEEP_PRESS
SW_AI,PB-AI-OMNI_8x8,295.00,235.00,295.00,235.00,295.00,235.00,TopLayer,0,PROGRAMMABLE_AI_HOTKEY
TS1,TTP229-CAP_40x10,175.00,235.00,175.00,235.00,175.00,235.00,TopLayer,0,CAP_TOUCH_SLIDER
SW_WLAN,TACT-KILL_8x8,25.00,235.00,25.00,235.00,25.00,235.00,TopLayer,0,WIFI_TOGGLE_BUTTON
SW_WWAN,TACT-KILL_8x8,35.00,235.00,35.00,235.00,35.00,235.00,TopLayer,0,CELLULAR_TOGGLE_BUTTON
SW_BT,TACT-KILL_8x8,45.00,235.00,45.00,235.00,45.00,235.00,TopLayer,0,BLUETOOTH_TOGGLE_BUTTON
SW_NFC,TACT-KILL_8x8,55.00,235.00,55.00,235.00,55.00,235.00,TopLayer,0,NFC_TOGGLE_BUTTON
JMP1,HARWIN-M50_4P_1.27MM,30.00,50.00,30.00,50.00,30.00,50.00,BottomLayer,0,HW_CONFIG_JUMPERS
TP_HAP,TP-HAPTIC_130x90,175.00,120.00,175.00,120.00,175.00,120.00,TopLayer,0,TRACKPAD_HAPTIC
TP_CTRL,QFN-32_SYNAPTICS,115.00,60.00,115.00,60.00,115.00,60.00,TopLayer,0,TRACKPAD_CONTROLLER
KB1,CHERRY-MX-LP_INDIC,175.00,175.00,175.00,175.00,175.00,175.00,TopLayer,0,KEYBOARD_BASE_STYLE
NUM1,NUMPAD-LP_10KEY,310.00,175.00,310.00,175.00,310.00,175.00,TopLayer,0,NUM_KEYPAD
IMU1,LGA-14_BMI270,75.00,60.00,75.00,60.00,75.00,60.00,TopLayer,0,IMU_SENSOR
ENV1,DFN-4_SHT40,65.00,60.00,65.00,60.00,65.00,60.00,TopLayer,0,ENVIRONMENTAL_SENSOR
HUB1,QFN-32_STM32G0,70.00,70.00,70.00,70.00,70.00,70.00,TopLayer,0,SENSOR_FUSION_CONTROLLER
